word,category
dobrodziejstwo,H
kakao,H
masaż,H
szczęśliwy,H
medal,H
łagodzić,H
owocowy,H
malinowy,H
miły,H
wolność,H
czysty,H
udany,H
wygodny,H
rozkwitać,H
puchar,H
wypoczynek,H
wsparcie,H
dobroduszny,H
wspierać,H
oklaski,H
żart,H
bezpieczny,H
harmonia,H
wycieczka,H
wypoczęty,H
zadowolony,H
ogród,H
inteligentny,H
spełniać,H
wytchnienie,H
lubić,H
biust,H
fotografować,H
mama,H
toast,H
osiągnięcie,H
wynagrodzenie,H
anioł,H
dawać,H
pozytywny,H
sport,H
dziękować,H
jedwabny,H
talent,H
wierny,H
pieścić,H
przerwa,H
niebo,H
hobby,H
zyskiwać,H
śmiech,H
lekkość,H
osiągać,H
lojalny,H
lizak,H
kanaryjski,H
szampan,H
krajobraz,H
zgoda,H
pachnieć,H
dyplom,H
zapas,H
weekend,H
zaleta,H
roześmiany,H
humor,H
jeść,H
zaufany,H
radość,H
nagradzać,H
soczysty,H
posiłek,H
spełnienie,H
słoneczny,H
wakacje,H
optymistyczny,H
róża,H
spokojny,H
polana,H
spokój,H
cud,H
sierpień,H
truskawkowy,H
śliczny,H
sobota,H
kochany,H
radosny,H
ciepły,H
sukces,H
raj,H
genialny,H
wiosna,H
sjesta,H
upojny,H
pozdrawiać,H
maj,H
wesoły,H
rozradowany,H
koniczyna,H
łóżko,H
deser,H
całować,H
ulga,H
miś,H
kwiat,H
Paryż,H
przyjaciel,H
uśmiech,H
pochwała,H
zdrowy,H
winogrono,H
tańczyć,H
ładny,H
pomysł,H
skowronek,H
zwycięzca,H
świętować,H
rozkoszny,H
świetny,H
zachwycać,H
uroczy,H
wspaniały,H
tort,H
szczęście,H
lemoniada,H
wygrany,H
komfort,H
kolorowy,H
zmysłowy,H
perfumy,H
super,H
zwycięstwo,H
seks,H
spać,H
przyjemność,H
miód,H
poduszka,H
łąka,H
melodyjny,H
prezent,H
zrelaksowany,H
wiosenny,H
lato,H
ciastko,H
słońce,H
oaza,H
muzyka,H
mamrotać,A
uparty,A
żądać,A
rozrzutny,A
moralista,A
nieprawidłowy,A
paplać,A
nadepnąć,A
pośpiech,A
ustępować,A
próżny,A
pedantyczny,A
przeoczyć,A
pouczać,A
balast,A
głodny,A
krzykliwy,A
głośny,A
drzeć,A
podżegać,A
wścibski,A
niegrzeczny,A
komar,A
wypraszać,A
klakson,A
ordynarny,A
negacja,A
posiedzenie,A
malkontent,A
przekorny,A
obowiązywać,A
niecierpliwość,A
upominać,A
strajkować,A
przeszkadzać,A
baner,A
buntownik,A
awaria,A
zakazywać,A
tandetny,A
arogancki,A
przeszkodzić,A
kopniak,A
weto,A
irytować,A
zagmatwany,A
występek,A
głupota,A
raban,A
trąbić,A
niszczyć,A
przekleństwo,A
musieć,A
krnąbrny,A
zbuntowany,A
sprzeciw,A
besztać,A
humorzasty,A
niesprawiedliwy,A
obciążać,A
kazanie,A
obrażony,A
oskarżać,A
denerwować,A
tępy,A
dźwigać,A
żądanie,A
lekkomyślny,A
niewygodny,A
zazdrosny,A
sprzeczny,A
biadolić,A
szemrać,A
bariera,A
bzdura,A
zadufany,A
kosztować,A
drażnić,A
pasywny,A
ograniczać,A
przerywać,A
utarczka,A
niezgoda,A
niedorzeczny,A
niezgodny,A
czekać,A
cholerny,A
protestować,A
zaprzeczać,A
nieuprawniony,A
chwalipięta,A
przemądrzały,A
budzik,A
oporny,A
kaprys,A
nalegać,A
gadanina,A
absurd,A
urna,S
niemy,S
listopadowy,S
cichy,S
deszczowy,S
posępny,S
bezdźwięczny,S
cherlawy,S
współczuć,S
melancholia,S
jesienny,S
przykrość,S
żałoba,S
zniechęcony,S
wdowa,S
osierocony,S
ulotny,S
żałować,S
daleki,S
zatroskany,S
smutny,S
melodramat,S
oddalony,S
łza,S
oklapnięty,S
sierota,S
dół,S
marny,S
zakonny,S
niepogoda,S
przybity,S
wierzba,S
tęsknić,S
samotny,S
pokutny,S
bezimienny,S
przemijać,S
ubolewać,S
zapłakany,S
klasztor,S
złom,S
apatyczny,S
wyczerpany,S
nieczuły,S
więdnąć,S
nikt,S
ślepy,S
zmartwiony,S
ubogi,S
wieniec,S
ponury,S
pożegnanie,S
zabliźniony,S
opłakiwać,S
ubywać,S
sługa,S
utykać,S
apatia,S
cmentarz,S
przygnębiony,S
jąkała,S
kondolencje,S
skrucha,S
zrozpaczony,S
pukać,F
rekin,F
benzyna,F
opresja,F
chwiejny,F
bezdenny,F
anomalia,F
nożyczki,F
omen,F
zastrzyk,F
testować,F
ryzyko,F
test,F
szklany,F
ścigać,F
pełnomocnik,F
czeluść,F
duch,F
horror,F
ołów,F
wybór,F
gaz,F
komisja,F
przyszłość,F
speszony,F
trans,F
głęboki,F
byk,F
armia,F
igła,F
dentysta,F
burzowy,F
rewir,F
funkcjonariusz,F
ostrzegać,F
niespokojny,F
sfora,F
hipnotyczny,F
olbrzymi,F
zaryzykować,F
zemdleć,F
narkoza,F
sprawozdanie,F
rozpoczynać,F
przerażony,F
potwór,F
szczypce,F
uważać,F
tygrys,F
wyrocznia,F
straszny,F
straszyć,F
przepaść,F
radar,F
lęk,F
niepokój,F
pszczoła,F
spadzisty,F
mikrofon,F
wypowiedź,F
psychika,F
amunicja,F
ryzykowny,F
kopalnia,F
odpowiadać,F
wynik,F
uciekać,F
zmiana,F
typować,F
anonim,F
broń,F
potencjalny,F
diagnozować,F
stromy,F
policjant,F
ostrze,F
warunek,F
obawa,F
symptom,F
niebezpieczeństwo,F
tajfun,F
szpon,F
zdziwiony,F
obłąkany,F
alarm,F
pustynny,F
agent,F
szok,F
propozycja,F
obława,F
krawędź,F
pirania,F
pantera,F
rakieta,F
przeczucie,F
nastawać,F
prognozować,F
występować,F
ostrzeżenie,F
czujny,F
defensywny,F
lawina,F
szerszeń,F
termin,F
grzmot,F
śledzić,F
mumia,F
czyhać,F
kamuflować,F
dylemat,F
obstawiać,F
magma,F
przestrzegać,F
thriller,F
drapieżny,F
przeczuwać,F
płonąć,F
torpeda,F
łańcuch,F
tajny,F
żmija,F
zdziwienie,F
nieoczekiwany,F
zalękniony,F
trzęsienie,F
weryfikować,F
cień,F
przyrzekać,F
dreszcz,F
maniakalny,F
kłuć,F
przysięgać,F
zagrażać,F
studnia,F
spadać,F
przerażający,F
tunel,F
zjawa,F
kosa,F
napięcie,F
wichura,F
sztorm,F
piorun,F
panika,F
wątpliwość,F
arsenał,F
krokodyl,F
mocarstwo,F
policyjny,F
piła,F
zakład,F
zbocze,F
lampart,F
bojaźliwy,F
sędzia,F
sąd,F
skalpel,F
ciarki,F
paniczny,F
rektor,F
trzęsawisko,F
kurator,F
adwokat,F
larwa,D
gorzki,D
śluz,D
obwisły,D
żołądek,D
ohydny,D
ślimak,D
spleśniały,D
odpady,D
padlina,D
gnić,D
gówno,D
odrażający,D
zezować,D
pluć,D
wymiotować,D
pająk,D
żaba,D
zgnilizna,D
wymię,D
czopek,D
szczecina,D
obrzydliwy,D
obrzydzenie,D
wstręt,D
pluskwa,D
jelito,D
gardziel,D
obślinić,D
gołąb,D
zepsucie,D
żółć,D
ważka,D
brudny,D
śledź,D
celebryta,D
ścieki,D
stęchły,D
cuchnący,D
gnojówka,D
owad,D
bezgłowy,D
ocet,D
papieros,D
obskurny,D
tampon,D
robak,D
brodawka,D
lufcik,N
nadawca,N
odstęp,N
tematyczny,N
adresat,N
pastor,N
sygnalizator,N
traktor,N
stalówka,N
prezydium,N
kamizelka,N
fasola,N
nazwisko,N
borsuk,N
linijka,N
brzmieć,N
przedział,N
karton,N
przesiewać,N
koparka,N
proso,N
ujmować,N
archiwum,N
intonować,N
taca,N
przecinek,N
opisywać,N
obiekt,N
leksykon,N
bateria,N
lukratywny,N
sylaba,N
dotyczyć,N
ceglany,N
kłaść,N
prostopadłościan,N
pomieszczenie,N
położenie,N
dźwignia,N
skrzynia,N
ustalenie,N
ambasada,N
łyżka,N
zdanie,N
klamka,N
owies,N
akcent,N
kurtka,N
nos,N
ramię,N
opat,N
ścięgno,N
atlas,N
flaming,N
słowotwórczy,N
wiadro,N
kos,N
hebel,N
gromadny,N
wentylować,N
pokrywka,N
karafka,N
atramentowy,N
traszka,N
wzgląd,N
zając,N
miesiąc,N
struktura,N
przesuwać,N
mata,N
kanon,N
murzyn,N
sufit,N
regał,N
kostka,N
przedmiot,N
magnes,N
biblijny,N
stan,N
ręczny,N
ruchliwy,N
golarka,N
pióro,N
część,N
gleba,N
miotła,N
dzbanek,N
rzecz,N
punkt,N
wata,N
schody,N
obrót,N
wariant,N
gazeta,N
drobiowy,N
metr,N
kowadło,N
masywny,N
zapotrzebowanie,N
wytwórca,N
krępy,N
kubek,N
obszar,N
metalowy,N
elementarz,N
przybudówka,N
silnikowy,N
girlanda,N
republikański,N
dziedzina,N
fasada,N
kalarepa,N
strona,N
określać,N
kciuk,N
jeździecki,N
opactwo,N
podłoże,N
tuzin,N
znaczek,N
zakres,N
stołek,N
stosować,N
pojemnik,N
przykładowy,N
zastosowanie,N
winda,N
tkacz,N
proponować,N
stawiać,N
precyzować,N
produkcyjny,N
postępować,N
sytuacja,N
dywan,N
cienisty,N
mimoza,N
makowy,N
bumerang,N
torba,N
gęś,N
notować,N
afekt,N
gąbka,N
kogut,N
szpara,N
odbitka,N
ilość,N
kość,N
pędzel,N
marka,N
siadać,N
obserwować,N
udzielać,N
szal,N
wytwarzać,N
amatorski,N
rodzaj,N
zebra,N
worek,N
szpulka,N
grabie,N
żółtko,N
grzebień,N
ręka,N
lokalizacja,N
kolebka,N
profil,N
filtr,N
chorągiew,N
makulatura,N
segregator,N
prześcieradło,N
powieka,N
frakcja,N
podkreślać,N
belka,N
czapla,N
sień,N
suszyć,N
komoda,N
twierdzić,N
dynia,N
zaopatrywać,N
szczudło,N
but,N
pięta,N
cebulowy,N
odczyt,N
gumowy,N
groch,N
lada,N
sztućce,N
widelec,N
stereo,N
lupa,N
pasek,N
porto,N
rampa,N
szczotkować,N
linia,N
minimalny,N
adiutant,N
kiosk,N
sitko,N
pęseta,N
miedziany,N
krzesło,N
łopian,N
dialekt,N
stempel,N
oś,N
optyczny,N
kierownica,N
kartka,N
proszek,N
pompa,N
ślad,N
pensum,N
wahadło,U
równowaga,U
martwy,U
wilczur,U
śnić,U
orzechowy,U
przewidywać,U
skarżyć,U
obracać,U
Tatry,U
zdyscyplinowany,U
duchowny,U
dokuczliwy,U
nagi,U
kraść,U
ofiarować,U
tulipan,U
ciotka,U
pedał,U
sportowy,U
cierpieć,U
wiązać,U
płatność,U
państwo,U
dama,U
zadanie,U
nieżywy,U
odkrywać,U
klasa,U
nuklearny,U
kiełbasa,U
rozdzielać,U
relacjonować,U
energiczny,U
karnawałowy,U
pokrzepiony,U
czarownica,U
mdłości,U
Madonna,U
lilia,U
ranny,U
chłopięcy,U
komiczny,U
wieszać,U
strach,U
wyzwolony,U
dziurawy,U
księżniczka,U
ustawa,U
zamysł,U
wada,U
przyzwoity,U
przychodzić,U
przemieszczenie,U
nieszczęście,U
odlatywać,U
ochrona,U
utrudniać,U
por,U
odizolowany,U
rozszerzać,U
biurowy,U
impreza,U
kształtujący,U
kaczka,U
dech,U
tyran,U
rolniczy,U
poetycki,U
hotelowy,U
urojenie,U
Ameryka,U
idylla,U
zakłopotany,U
pigułka,U
posag,U
willa,U
badacz,U
niedozwolony,U
klejnot,U
osobliwy,U
plon,U
konto,U
maść,U
małżeński,U
rozmawiać,U
fajka,U
otrzymywać,U
zmusić,U
liczyć,U
kawa,U
syn,U
mydło,U
palarnia,U
erotyczny,U
byczy,U
lotto,U
cenić,U
lista,U
małżonek,U
obrączka,U
środek,U
odwracać,U
poślubić,U
strzała,U
waśń,U
kotwica,U
brylantowy,U
konflikt,U
łaciński,U
sądownictwo,U
zawodzić,U
słabość,U
należeć,U
mgła,U
policzek,U
niewolnica,U
kąpielowy,U
drobny,U
wnuk,U
szpikować,U
rozbudowywać,U
negatywny,U
kukiełka,U
literatura,U
ocenzurowany,U
mężczyzna,U
przemoc,U
konstytucja,U
kompromitujący,U
barbarzyńca,U
waniliowy,U
zakładnik,U
weselny,U
sofa,U
nieprzystępny,U
obdarty,U
wartościowy,U
granica,U
tron,U
szczegółowy,U
krzyczeć,U
lampa,U
przebaczyć,U
blask,U
głupi,U
krucyfiks,U
tortura,U
brud,U
kopia,U
krzywdzić,U
wykwintny,U
luksusowy,U
samolot,U
zostawać,U
pokój,U
lekkomyślność,U
aplauz,U
pycha,U
wyruszać,U
oszustwo,U
jazz,U
satysfakcjonować,U
pazur,U
klej,U
wykończyć,U
bluzka,U
przypominać,U
kawowy,U
monogamiczny,U
poronić,U
zatarg,U
bezkonfliktowy,U
bankructwo,U
odsetki,U
centralny,U
rozbój,U
mit,U
administracja,U
pistolet,U
zwiększenie,U
wspomnienie,U
spisek,U
dążyć,U
zakon,U
milion,U
ostrożny,U
szczepić,U
altruistyczny,U
pogrzebać,U
wydatek,U
pacjent,U
godzina,U
piekło,U
kucyk,U
wzór,U
uważny,U
palić,U
owdowieć,U
konać,U
knajpa,U
zazdrościć,U
działalność,U
szukać,U
polityka,U
popielaty,U
para,U
rycerski,U
stadium,U
upalny,U
areszt,U
skórka,U
piłka,U
kreatywny,U
naiwny,U
safari,U
nagrywać,U
półżywy,U
ocena,U
domostwo,U
mimika,U
importować,U
zbrodnia,U
nerka,U
siedzieć,U
motocykl,U
krok,U
oklaskiwać,U
skąpić,U
wieczór,U
mewa,U
ukłucie,U
zwyrodnialec,U
pałać,U
bliskość,U
strój,U
prośba,U
napotykać,U
bezcześcić,U
partia,U
przyznawać,U
kandydat,U
sęp,U
cwany,U
skrupulatny,U
zakładać,U
przyzwalać,U
pasterz,U
ksiądz,U
podawać,U
wizerunek,U
ważyć,U
sława,U
grób,U
żytni,U
nieżyciowy,U
kościół,U
polecać,U
kontrolować,U
notariusz,U
męczarnia,U
wyznawać,U
łazienka,U
triumfalny,U
okulary,U
łagodny,U
chleb,U
nobilitować,U
ptak,U
piosenka,U
samobójstwo,U
konkurencyjny,U
wojowniczy,U
ruszać,U
bagno,U
przygotowywać,U
tradycyjny,U
dbać,U
dodatek,U
dokładność,U
latorośl,U
znać,U
zakłamany,U
szkielet,U
zdjęcie,U
odczuwać,U
cios,U
magazynować,U
huragan,U
złość,U
palec,U
łuk,U
turban,U
zaraza,U
weranda,U
kryminał,U
sąsiedzki,U
nagana,U
heteroseksualny,U
laboratoryjny,U
dokument,U
świąteczny,U
wątły,U
potop,U
agresywny,U
walizka,U
dziarski,U
latać,U
katusze,U
pobożny,U
cnota,U
przełomowy,U
chciwość,U
sowa,U
mleczny,U
ząb,U
walc,U
leżanka,U
wspominać,U
rozkład,U
stronić,U
naród,U
zbiorowy,U
bikini,U
gest,U
gromadzić,U
powietrze,U
propagandowy,U
ogórek,U
kredyt,U
orzeł,U
reputacja,U
monotonny,U
welon,U
gadzi,U
flet,U
zakonnica,U
gratisowy,U
powstawać,U
szubienica,U
umyślny,U
pięść,U
niewolniczy,U
rzeczywistość,U
bandyta,U
siostrzenica,U
zagadywać,U
srebrzysty,U
park,U
organy,U
horoskop,U
sztanga,U
nieruchomy,U
kończyć,U
pędzić,U
lustro,U
dyskutować,U
wilgotny,U
izdebka,U
spaliny,U
zgłoszenie,U
pokusa,U
orgia,U
płynny,U
tracić,U
uznawać,U
zabić,U
jacht,U
nieład,U
uzdrowienie,U
jałmużna,U
czynność,U
magiczny,U
skandal,U
oddziaływanie,U
lis,U
bezradny,U
objawienie,U
wdzięk,U
Koran,U
szafa,U
mamusia,U
dojrzały,U
anormalny,U
partner,U
świątynia,U
szafirowy,U
warkocz,U
użądlić,U
zgon,U
port,U
walka,U
panda,U
szejk,U
święto,U
krata,U
samotność,U
głaz,U
nurkować,U
charakter,U
misja,U
załamanie,U
sławny,U
skorpion,U
zabójstwo,U
rzeczowy,U
świat,U
satyryczny,U
kneblować,U
podatek,U
doradzać,U
bocian,U
diabeł,U
tytoniowy,U
gród,U
straż,U
kierować,U
bakteria,U
kierownik,U
produkt,U
rynek,U
dręczyć,U
dźwięk,U
dzieło,U
zmarły,U
ganić,U
zdradzić,U
cham,U
działka,U
szef,U
zwlekać,U
biesiada,U
wrzosowy,U
szansa,U
tyfus,U
zakończyć,U
paprykowy,U
złoto,U
kolega,U
członek,U
wstrząsnąć,U
akademia,U
pożądanie,U
efekt,U
łajdak,U
rubin,U
ssać,U
separacja,U
małomówny,U
ekstaza,U
firmowy,U
czyn,U
bezbronny,U
krzyk,U
elastyczny,U
tragizm,U
brakować,U
pudel,U
podły,U
stół,U
trwać,U
lewitować,U
cierpienie,U
zwiększać,U
resztka,U
zadłużenie,U
dom,U
dowód,U
budda,U
chronić,U
lipa,U
samoobrona,U
mysi,U
zasiłek,U
dziedziczyć,U
purpurowy,U
Amerykanin,U
karać,U
utonąć,U
tenor,U
alkohol,U
pożyczka,U
trucizna,U
wytworny,U
pielęgnować,U
skakać,U
działanie,U
rola,U
chlać,U
sojusz,U
telefon,U
mech,U
wariat,U
czytać,U
egzystencjalny,U
wyjście,U
nieudacznik,U
adwentowy,U
czarodziej,U
tempo,U
nieufność,U
niezamężny,U
statek,U
towarzysz,U
monstrum,U
wznosić,U
rozum,U
ustalać,U
przeciwnik,U
lustrować,U
subtelny,U
globus,U
przestępstwo,U
pomijać,U
maska,U
brak,U
szczyt,U
niemowlę,U
wynosić,U
bieda,U
harfa,U
deficyt,U
sweter,U
hodowla,U
opieka,U
nieskończony,U
ściana,U
przykładać,U
makler,U
rozwód,U
wskazówka,U
warga,U
kapitan,U
pułapka,U
odległość,U
zamawiać,U
witamina,U
maszkara,U
narażać,U
kpić,U
wiertło,U
gramofon,U
delikatny,U
wstyd,U
jąkanie,U
opalony,U
oddział,U
jazda,U
potworny,U
działacz,U
powieść,U
obowiązkowy,U
lekarz,U
chłopak,U
bestialski,U
potwierdzać,U
kalkulować,U
wypadek,U
szaleć,U
zabezpieczać,U
przewrót,U
doznawać,U
pochopny,U
Islam,U
skacowany,U
rozpad,U
debata,U
psychoza,U
oferta,U
mówić,U
Rosjanin,U
pełnia,U
anegdota,U
płacić,U
prasa,U
mózg,U
obrabować,U
pupa,U
pazerny,U
lotnisko,U
szczur,U
popołudnie,U
kariera,U
czołg,U
zjeżdżalnia,U
upoważniać,U
mięso,U
front,U
stoicki,U
hasło,U
azyl,U
fatalny,U
wystarczać,U
suchar,U
wykonywać,U
loteria,U
socjalistyczny,U
jęczeć,U
śmierć,U
podpierać,U
podstęp,U
kształcić,U
mieszkać,U
śmierdzący,U
wizyta,U
wyrzutek,U
zegar,U
aromat,U
instynktowny,U
nekrolog,U
porażka,U
hazard,U
Łazienki,U
zrzeszać,U
teleskop,U
sztywny,U
przynosić,U
trud,U
runda,U
podjadać,U
świadkowa,U
niewierność,U
fiołkowy,U
wgląd,U
maczuga,U
przeżycie,U
panować,U
powrót,U
reprezentować,U
stek,U
praca,U
prostytutka,U
zagazować,U
ambicja,U
uprawa,U
aktywność,U
wrażliwy,U
prowadzenie,U
czarny,U
dzielić,U
torfowisko,U
umierać,U
plotkarski,U
budować,U
trend,U
euforyczny,U
córka,U
znalezisko,U
wypadać,U
powstanie,U
nawiązywać,U
światło,U
rozkładać,U
zdenerwowany,U
spasować,U
bukiet,U
szmata,U
czarować,U
usługiwać,U
ideowy,U
pracować,U
pić,U
minigolf,U
skreślać,U
klon,U
niewymuszony,U
skąpy,U
uderzenie,U
skarb,U
świętokradztwo,U
wieczorny,U
udowodnić,U
rausz,U
zwyczaj,U
chomik,U
odmowa,U
zmurszały,U
hala,U
muszla,U
regularny,U
patelnia,U
rozumieć,U
zazdrość,U
taryfa,U
rabat,U
granat,U
gwiazda,U
uniżony,U
wysoki,U
wzrost,U
korowód,U
napad,U
biżuteria,U
świadectwo,U
kompas,U
początek,U
tchórzliwy,U
wspólnota,U
rekrut,U
zamężny,U
kolor,U
przymusowy,U
bierki,U
zaproszenie,U
kula,U
udaremniać,U
cenny,U
celebrować,U
udawać,U
wiek,U
zabójca,U
ochota,U
makabryczny,U
oszczędny,U
wrażenie,U
interesujący,U
wnioskować,U
wielbiciel,U
portal,U
tolerancyjny,U
szkodliwy,U
tendencyjny,U
dygotać,U
flirt,U
kaseta,U
bieżnia,U
skrzypce,U
zachłanny,U
planeta,U
bić,U
fala,U
stosunek,U
podnosić,U
litania,U
sytuowany,U
horda,U
wiolonczela,U
świecić,U
pozbawiać,U
upadek,U
źródło,U
pan,U
narodowy,U
mefisto,U
dekadencki,U
apetyt,U
syty,U
ścinać,U
nadzieja,U
wchodzić,U
pytać,U
podróż,U
zawartość,U
sprzedawać,U
problem,U
łódź,U
spożywać,U
wrzawa,U
szatan,U
koncert,U
wypowiedzenie,U
pokrzepienie,U
pożyczać,U
ludzki,U
obejmować,U
lśnić,U
błazen,U
zachęta,U
haniebny,U
zmarszczka,U
ład,U
uczestniczyć,U
blondynka,U
śpiew,U
bezcelowy,U
kurort,U
wyjątkowy,U
codzienny,U
motłoch,U
wampir,U
przyjezdny,U
niezdrowy,U
stylowy,U
mniejszy,U
dziewica,U
pożywienie,U
edukować,U
wywóz,U
uprzywilejowany,U
kuszący,U
opium,U
podeszwa,U
troskliwy,U
nieskazitelny,U
pobyt,U
sabotować,U
niewdzięczny,U
plantacja,U
pasieka,U
zorza,U
los,U
daremny,U
łgać,U
owca,U
twierdza,U
romans,U
lód,U
masa,U
grozić,U
kot,U
noc,U
zapominać,U
stado,U
urodziny,U
chwast,U
wilkołak,U
trawa,U
skutkować,U
piwo,U
nazista,U
pokorny,U
błogosławić,U
jabłkowy,U
milicja,U
bystry,U
kobieta,U
latarnia,U
doradztwo,U
licencja,U
gospodarstwo,U
przekręcony,U
poznanie,U
sekta,U
przedsięwziąć,U
opera,U
przestawać,U
data,U
zmora,U
religia,U
żeński,U
faszyzm,U
krew,U
osioł,U
znakomity,U
żądza,U
złudzenie,U
jechać,U
pierś,U
rzeź,U
cel,U
emocja,U
czaty,U
karaluch,U
akceptować,U
wiara,U
reklamować,U
amulet,U
zarządzać,U
manowce,U
oszałamiający,U
pensja,U
katafalk,U
nieporadny,U
hit,U
kreda,U
cena,U
lotos,U
śpiewać,U
holocaust,U
nikotyna,U
parasol,U
pociągający,U
oskarżenie,U
homar,U
uczcić,U
moździerz,U
roszczeniowy,U
kukurydza,U
pyskaty,U
zapraszać,U
skłonny,U
zdychać,U
ziemia,U
odżywczy,U
podejrzewać,U
uwalniać,U
żołnierz,U
skrupuły,U
zmuszać,U
gadać,U
sceniczny,U
pulchny,U
forma,U
odpuścić,U
kierowca,U
rzeźnik,U
logiczny,U
pakt,U
wydatki,U
bóg,U
pamiątka,U
płynąć,U
fotel,U
gruszkowy,U
stereotypowy,U
tata,U
litr,U
puszcza,U
malaria,U
przenosić,U
leczyć,U
wyrazisty,U
zdzira,U
staw,U
kapitulować,U
ciasto,U
gardło,U
opiekuńczy,U
magia,U
cytat,U
hymn,U
wskazywać,U
getto,U
wieżowiec,U
tajemnica,U
odmawiać,U
kasyno,U
opanować,U
tragiczny,U
żartować,U
dziwny,U
telepać,U
klient,U
peerelowski,U
papuga,U
założenie,U
herezja,U
rdzewieć,U
piwnica,U
łaska,U
bezduszny,U
kabel,U
tyrać,U
wysadzać,U
pień,U
ciągnąć,U
puder,U
trąd,U
stopień,U
umowa,U
alkoholik,U
aresztować,U
ostry,U
talerz,U
idealny,U
wierność,U
piekarnik,U
winny,U
siostra,U
puszka,U
zajmować,U
cyrkowy,U
pasożyt,U
sposób,U
maślany,U
odznaczać,U
szorstki,U
klimatyczny,U
wtargnąć,U
intymny,U
fakt,U
niechęć,U
cierpliwy,U
odpierać,U
wujek,U
mango,U
panujący,U
sikorka,U
lamentować,U
ciekawy,U
powiedzieć,U
porozumienie,U
demontować,U
niewypał,U
programowy,U
paserstwo,U
pomyłka,U
chmura,U
oczekiwać,U
wyczekiwany,U
aromatyczny,U
las,U
zabraniać,U
szlagier,U
podziemny,U
tropikalny,U
kamienny,U
uzdolniony,U
chwytać,U
wysportowany,U
zasięg,U
tandem,U
interpretować,U
koszmar,U
smoczek,U
metoda,U
jakość,U
parowiec,U
wiwatować,U
aprobować,U
wypożyczać,U
klasyczny,U
pocieszać,U
rzucać,U
mutacja,U
kozaki,U
nosić,U
odrzucać,U
gniewny,U
szparagi,U
fabryka,U
fantazja,U
skrzat,U
terapeutyczny,U
kiepski,U
telewizyjny,U
kanclerz,U
talar,U
medyczny,U
morze,U
monarcha,U
poezja,U
odbierać,U
ulica,U
zderzenie,U
utalentowany,U
urok,U
pojedynek,U
historia,U
konsumpcyjny,U
plan,U
językowy,U
egoistyczny,U
bar,U
moralny,U
potężny,U
zdystansowany,U
zdobywać,U
drobnoustrój,U
ciężar,U
jedność,U
pobudzenie,U
kurz,U
skruszony,U
cecha,U
dopomóc,U
atak,U
kochać,U
służąca,U
wieczny,U
chłopiec,U
upadłość,U
odważny,U
wędkarz,U
konsekwentny,U
silny,U
nastrój,U
zemsta,U
prosić,U
unicestwić,U
krzyż,U
kominek,U
przebiegać,U
siostrzeniec,U
whisky,U
tyć,U
napierać,U
grzybowy,U
plaża,U
wachlować,U
wyć,U
miękki,U
limit,U
wróżka,U
zima,U
idiota,U
wynajmować,U
magik,U
rejs,U
panowanie,U
niedopatrzenie,U
zawierać,U
kres,U
rosnąć,U
mina,U
rozmyślać,U
demokracja,U
błogosławiony,U
przedstawiciel,U
ryba,U
balsam,U
próbować,U
przewinienie,U
akcja,U
gość,U
dumny,U
skostniały,U
izba,U
pytanie,U
żywy,U
iskra,U
wykroczenie,U
doświadczony,U
autorytet,U
przeciwieństwo,U
kuchenka,U
pomagać,U
sterylny,U
bestia,U
stać,U
dyplomatyczny,U
Żyd,U
martwić,U
pokazywać,U
sztylet,U
motywować,U
aktywny,U
sceptyczny,U
regulator,U
zupa,U
wrzeszczeć,U
fajtłapa,U
płaszcz,U
napadać,U
szokujący,U
odjazd,U
połysk,U
robotnik,U
człowiek,U
montować,U
zbawienny,U
ranić,U
cylinder,U
turystyczny,U
huśtawka,U
materac,U
demokratyczny,U
prymitywny,U
doktor,U
brygada,U
majętny,U
żar,U
zmieniać,U
wirus,U
dusza,U
wabić,U
brzoza,U
wafel,U
zrzut,U
zabłądzić,U
woda,U
potknięcie,U
zwyciężać,U
płuco,U
sadystyczny,U
uchronić,U
mucha,U
upodobanie,U
pasta,U
musical,U
skromny,U
bicz,U
zarzucać,U
kontakt,U
paradoksalny,U
czapka,U
ostatni,U
uczelnia,U
bezinteresowny,U
mordować,U
atrakcyjny,U
odpowiedzialny,U
motto,U
odosobniony,U
więzienie,U
szczery,U
chichot,U
wygrywać,U
znaczenie,U
stagnacja,U
rozwiązanie,U
trójkąt,U
cyniczny,U
runąć,U
ulepszać,U
nabywać,U
altanka,U
torturować,U
mydliny,U
odsetek,U
opatrywać,U
zaręczony,U
arsen,U
ekran,U
chrząszcz,U
odżywać,U
knebel,U
śmietana,U
scena,U
melon,U
wiedza,U
bananowy,U
powódź,U
wypracowanie,U
topór,U
niespodziewany,U
nacinać,U
instrument,U
śnieg,U
partyzancki,U
drzewo,U
brać,U
nieuczciwy,U
termy,U
dziwkarz,U
pionek,U
pszczelarski,U
nóż,U
tytuł,U
większość,U
okrutny,U
siła,U
krwawy,U
dzwon,U
wzdychać,U
ofiara,U
podarować,U
reformować,U
nowoczesny,U
wierzyć,U
slogan,U
narodziny,U
skorumpowany,U
odraczać,U
gitara,U
bliski,U
obcas,U
łamać,U
regulować,U
spoliczkować,U
klacz,U
kamera,U
urząd,U
pieczętować,U
bękart,U
dopłata,U
ślub,U
pielęgnacja,U
niewierny,U
księżyc,U
koalicyjny,U
skromność,U
wiersz,U
przełom,U
zamek,U
radykał,U
kupować,U
cukierek,U
pretekst,U
związek,U
kora,U
śmieć,U
twórczy,U
stłuczenie,U
jeż,U
opowiadać,U
nić,U
prezydent,U
korona,U
panorama,U
rozmowny,U
obumierać,U
oswoić,U
sznur,U
polędwica,U
okrutnik,U
plaster,U
obraz,U
rewolucyjny,U
zawodowy,U
wędka,U
staranny,U
kłamać,U
skóra,U
bilans,U
poświęcać,U
zegarek,U
stabilny,U
album,U
młodzieżowy,U
ambitny,U
prawdziwy,U
iść,U
istnieć,U
sabotaż,U
rekordowy,U
kusić,U
balon,U
służyć,U
most,U
kłótnia,U
bohaterski,U
władza,U
koń,U
futro,U
zamierzać,U
matka,U
zginąć,U
obronny,U
rozwiązywać,U
oddawać,U
toksyczny,U
zgładzić,U
perfekcyjny,U
płomienny,U
monolog,U
Wenus,U
flaga,U
wojna,U
język,U
toaleta,U
monopolowy,U
wymodlić,U
gigantyczny,U
podróżować,U
spotkanie,U
goździk,U
zapewniać,U
laur,U
strata,U
zapłacony,U
pies,U
abdykować,U
uznanie,U
drogi,U
myśl,U
zamach,U
pasjonujący,U
życie,U
upadać,U
krytyczny,U
chory,U
akademik,U
finał,U
jodła,U
brutalny,U
zaangażowany,U
sauna,U
nowotwór,U
wołać,U
byt,U
ładunek,U
mądrość,U
opryszek,U
rozdawać,U
pisać,U
nadzorca,U
emerytalny,U
wiadomość,U
urlopowicz,U
niewinny,U
gawędzić,U
pałac,U
mentor,U
tłuszcz,U
marksista,U
przyjmować,U
pierścionek,U
nieprzyjaciel,U
pas,U
oczyszczać,U
przebiegły,U
dżuma,U
przestworze,U
promieniować,U
Sodoma,U
smok,U
powracać,U
waga,U
przepędzać,U
prowadzić,U
oddychać,U
pęcherz,U
sprytny,U
kłamstwo,U
jeleń,U
samiec,U
precel,U
południe,U
informować,U
rywalizować,U
przyciskać,U
ogrzewanie,U
dupa,U
podwędzić,U
skryty,U
rozpoznać,U
myśliciel,U
szykanować,U
potrzebować,U
pomidorowy,U
książka,U
heroiczny,U
rozwaga,U
zadbać,U
opozycja,U
dusić,U
szmaragdowy,U
cło,U
pończocha,U
sztama,U
podstępny,U
wybrzeże,U
kwota,U
przywilej,U
humanitarny,U
czarodziejski,U
okolica,U
rozważać,U
gniew,U
bajka,U
mieszkanie,U
piasek,U
łaknąć,U
wniosek,U
oficer,U
zrozumiały,U
marchwiowy,U
przejęcie,U
zranić,U
ciało,U
wędrowny,U
prysznic,U
paczka,U
pręgierz,U
hojny,U
wspólnik,U
syrop,U
szkolny,U
kulturalny,U
dysponować,U
mały,U
wynalazca,U
trumna,U
wola,U
wymarsz,U
przykazanie,U
oświadczyny,U
katować,U
moda,U
walczyć,U
jezioro,U
kurwa,U
działać,U
liczny,U
ulewa,U
słowo,U
manko,U
sensowny,U
poker,U
szeptać,U
pralina,U
kwaśny,U
wzrastać,U
planowy,U
ufny,U
cela,U
nerwica,U
plakat,U
wiśniowy,U
środowisko,U
serowy,U
mistyczny,U
oset,U
dziewczyna,U
zatrudniać,U
robić,U
koza,U
hipoteczny,U
pielgrzymować,U
oszust,U
miłostka,U
załatwiać,U
młotek,U
cygaro,U
wpadka,U
kochanka,U
droga,U
dzierżawić,U
miejsce,U
rama,U
udowadniać,U
otwierać,U
awersja,U
czeremcha,U
kręgiel,U
zaginiony,U
artystyczny,U
nadmorski,U
konopie,U
okaleczony,U
krzepki,U
spodnie,U
świadek,U
przedwczesny,U
żagiel,U
ludobójstwo,U
uzupełniać,U
kosz,U
miecz,U
dowodzić,U
premiera,U
przekazywać,U
rasa,U
jasność,U
źrebię,U
wąwóz,U
kosmetyczny,U
produkować,U
gnębić,U
szkoła,U
maskować,U
wełniany,U
schodzić,U
chwalić,U
okrężny,U
bąk,U
fartuch,U
bronić,U
spójny,U
wgnieciony,U
przepych,U
obłędny,U
sandał,U
strzelać,U
litość,U
dochód,U
zatrzymywać,U
małpa,U
komizm,U
rezygnacja,U
uzasadniać,U
zbankrutować,U
unikać,U
kołysać,U
czepek,U
przepadać,U
fuzja,U
stołówka,U
rezygnować,U
bura,U
wanna,U
bezsilny,U
pieniądze,U
ćwiczyć,U
kasa,U
twarz,U
ojczyzna,U
życzenie,U
jamnik,U
łapać,U
nałóg,U
pozwalać,U
nienawidzić,U
tablica,U
podniecający,U
oko,U
ocean,U
akrobatyczny,U
asceza,U
orchidea,U
potwierdzić,U
armata,U
żyrafa,U
biec,U
minister,U
autonomiczny,U
dyspozycyjny,U
żeglować,U
murzynka,U
przewodnik,U
mistrz,U
poroże,U
chichotać,U
sprawdzony,U
sałatka,U
pomocny,U
bitwa,U
nastrojowy,U
błagalny,U
wykształcony,U
klinika,U
bawić,U
przekonać,U
pojętny,U
usuwać,U
urlop,U
atomowy,U
odetchnąć,U
szuja,U
wół,U
toster,U
mglisty,U
obniżać,U
zły,U
czuć,U
oczekiwanie,U
krewny,U
szminkować,U
odwiedzać,U
odejście,U
morderstwo,U
bodziec,U
rachunek,U
tropiki,U
łączyć,U
biskup,U
bogaty,U
mysz,U
szczęka,U
ociekać,U
nabytek,U
matowy,U
przebywać,U
gorączka,U
tolerancja,U
ludzie,U
Japonia,U
rozsądny,U
ożywiony,U
motorower,U
liczba,U
kufer,U
koniak,U
podejmować,U
świnia,U
bezwartościowy,U
buk,U
grać,U
odwaga,U
drań,U
świerk,U
mur,U
rząd,U
wino,U
bóbr,U
ogień,U
opinia,U
surowy,U
zatwierdzać,U
czarnuch,U
spojrzenie,U
nazywać,U
spadek,U
brat,U
incydent,U
sankcjonować,U
kicz,U
kura,U
dawka,U
honor,U
marzyć,U
katastrofa,U
zamieszki,U
kochanek,U
wyrok,U
witalny,U
mówca,U
symfonia,U
kanał,U
niełaska,U
brytyjski,U
saksofon,U
pragnąć,U
soczewka,U
zaniedbany,U
aleja,U
liberalny,U
wykazywać,U
malarz,U
ciśnienie,U
brąz,U
rodzinny,U
zwłoki,U
kaktus,U
makaron,U
spowiedź,U
tworzenie,U
ratować,U
ewoluować,U
czynsz,U
rządzić,U
wyjaśniać,U
dąb,U
naciągać,U
plemię,U
manager,U
dzwonić,U
wulkan,U
kanapka,U
wybuch,U
oskarżony,U
potrzebny,U
przytakiwać,U
wiza,U
dyktatura,U
pachnidło,U
pilot,U
doświadczać,U
napełniać,U
fryzura,U
gosposia,U
koncentracyjny,U
dal,U
szpiegować,U
miniówka,U
gruz,U
zdrowie,U
zwalniać,U
wymagać,U
drożdżowy,U
senat,U
upomnienie,U
czar,U
szelma,U
podminowany,U
sidła,U
perwersyjny,U
sumienie,U
gotówka,U
słony,U
maksimum,U
faza,U
spontaniczny,U
odwyk,U
urzędnik,U
nauczycielka,U
profesjonalny,U
śruba,U
matura,U
złodziej,U
zuchwały,U
przywództwo,U
sen,U
solista,U
mowa,U
nieodzowny,U
zarazek,U
datek,U
urwis,U
gwałtowny,U
nagranie,U
pomocnik,U
minus,U
śliski,U
teatr,U
balkon,U
krawat,U
pustka,U
znaczyć,U
używać,U
taktyczny,U
generał,U
zamykać,U
zapach,U
zlecać,U
ściemniać,U
optymalny,U
nauczyciel,U
rower,U
lekcja,U
ruina,U
przebąkiwać,U
lalka,U
platyna,U
stok,U
widzieć,U
grad,U
głuchy,U
intensywny,U
zainteresowany,U
kangur,U
plaga,U
oszczędzać,U
wróg,U
warzywo,U
bezksiężycowy,U
logika,U
cudzołóstwo,U
sztuka,U
grupowy,U
czytelnia,U
szpiegostwo,U
dźgać,U
fortepian,U
bolesny,U
przezwyciężać,U
adoptować,U
przegrywać,U
łabędzi,U
budzić,U
inicjatywa,U
poszukiwać,U
koszula,U
naturalny,U
popiół,U
przeszkoda,U
zaistnieć,U
rabować,U
przemysłowy,U
wieża,U
serce,U
mechaniczny,U
Wielkanocny,U
pointa,U
męczyć,U
zabiegany,U
pąk,U
hańbić,U
nietrzeźwy,U
wyspa,U
węgiel,U
ognisty,U
dziecko,U
okno,U
osoba,U
wysiłek,U
guz,U
dostarczać,U
ufać,U
drużynowy,U
durnowaty,U
asekuracyjny,U
ambona,U
bezsensowny,U
zawód,U
figura,U
nędzny,U
wybierać,U
kobiecy,U
strumień,U
palma,U
zagorzały,U
uprawiać,U
leczenie,U
żniwo,U
przyrastać,U
dzielny,U
rywal,U
prezerwatywa,U
rewolwer,U
poziom,U
koniec,U
skarbiec,U
kaganiec,U
rozpalać,U
blizna,U
prosty,U
gol,U
pękać,U
myśleć,U
ból,U
filiżanka,U
debiutować,U
pomówienie,U
kometa,U
dramat,U
złośliwy,U
dziura,U
wozić,U
dokonywać,U
kobra,U
gąsienica,U
mord,U
chcieć,U
udział,U
chudnąć,U
kulminacja,U
list,U
instytucja,U
wzniesienie,U
promil,U
wiosłować,U
świeca,U
rześki,U
nieśmiały,U
wybryk,U
bażant,U
aspołeczny,U
Pers,U
obsługiwać,U
tabletka,U
cytryna,U
donosić,U
obradować,U
krzywoprzysięstwo,U
praktykant,U
narkotyk,U
perspektywa,U
kołyska,U
dostawać,U
oszczędności,U
pępek,U
wódka,U
napastować,U
następca,U
Adriatyk,U
kandydatura,U
terrorystyczny,U
karcić,U
wykład,U
plagiat,U
spotykać,U
zniesławiony,U
pisklę,U
tydzień,U
kładka,U
wydźwięk,U
szczenię,U
taktowny,U
snob,U
pojmować,U
zadośćuczynić,U
zakup,U
studiować,U
pilnik,U
kara,U
formować,U
męka,U
kamienica,U
paznokieć,U
kaloryczny,U
mapa,U
pech,U
awans,U
profesor,U
wydawać,U
kompan,U
foka,U
podstawa,U
kartoteka,U
niezmordowany,U
zwierzę,U
orzeczenie,U
wzmacniać,U
łoś,U
lew,U
powitalny,U
harować,U
czytanka,U
poligamiczny,U
gra,U
chaotyczny,U
bomba,U
ruch,U
uroczystość,U
ampułka,U
maksymalny,U
dzwonek,U
geniusz,U
kolejka,U
dręczyciel,U
wytrwały,U
teczka,U
własność,U
interesant,U
błąd,U
ochraniać,U
giełda,U
mistyka,U
ostrożność,U
karalny,U
procent,U
szaleństwo,U
komunistyczny,U
muzyk,U
dzień,U
kończyna,U
wykształcenie,U
specjalny,U
nauczka,U
powodować,U
naiwność,U
uczucie,U
przypadkowy,U
tost,U
minuta,U
komitet,U
więzy,U
naciskać,U
dominacja,U
czyścić,U
niedziela,U
leżeć,U
opuszczać,U
płakać,U
znajdować,U
trunek,U
projektować,U
znajomy,U
mól,U
wiosło,U
doceniać,U
bank,U
film,U
boleć,U
oferować,U
koło,U
schronienie,U
błyskotliwy,U
słaby,U
wiwat,U
płyta,U
ojciec,U
śmiały,U
łapa,U
szlachecki,U
impet,U
łotr,U
bęben,U
zastępować,U
bunt,U
impuls,U
kropla,U
badać,U
skaza,U
fortuna,U
klatka,U
obóz,U
milczeć,U
zapał,U
życzyć,U
kozica,U
pisanka,U
ołtarz,U
ciężarówka,U
traumatyczny,U
kaźń,U
wynikać,U
krokus,U
rozkazywać,U
znany,U
piracki,U
kasztan,U
groźba,U
Chrystus,U
reumatyzm,U
specjalistyczny,U
krytykować,U
lina,U
sierp,U
chrzcić,U
awantura,U
panieński,U
bunkier,U
akwarium,U
przypuszczać,U
zakręt,U
przeżywać,U
embargo,U
widok,U
najemca,U
perłowy,U
minimum,U
wielbłąd,U
celnik,U
loch,U
ascetyczny,U
chudy,U
srebrny,U
etyczny,U
wonny,U
zszarzały,U
odpowiedź,U
papież,U
trwały,U
wiatr,U
kult,U
opadać,U
zajazd,U
wyzwoliciel,U
jama,U
zamieszanie,U
opady,U
zarabiać,U
złowrogi,U
pijany,U
nosze,U
schorowany,U
móc,U
mięsień,U
samowystarczalny,U
kruk,U
mafia,U
żebrać,U
sens,U
jaszczurka,U
spódnica,U
malować,U
bombowiec,U
zdolność,U
zarząd,U
proroczy,U
masakra,U
pizzeria,U
diamentowy,U
uchodźca,U
podziękowanie,U
butelka,U
porządek,U
negować,U
organ,U
igloo,U
węgorz,U
nielegalny,U
paw,U
zasłużony,U
kryzys,U
parlament,U
znalazca,U
nienaganny,U
aprobujący,U
praktyka,U
hormonalny,U
tratwa,U
towarzyszyć,U
wschodni,U
kontynuować,U
zadłużony,U
przypadek,U
heretyk,U
zawdzięczać,U
trup,U
wywoływać,U
rozszczepiać,U
słoń,U
imię,U
zarażać,U
przedstawiać,U
telefonować,U
sterowny,U
intryga,U
wiedzieć,U
wykładowca,U
liryka,U
wszechświat,U
ponadczasowy,U
pomnik,U
otaczać,U
tabu,U
referat,U
miłość,U
uzyskać,U
